model,accuracy,f1,roc_auc
Logistic Regression (baseline),0.7437899219304471,0.6171792152704135,0.848787103774316
LightGBM,0.7785663591199432,0.6060606060606061,0.8351752822341058
